{
    "root_group": {
        "groups": {},
        "checks": {
                "pod created successfully": {
                    "fails": 0,
                    "name": "pod created successfully",
                    "path": "::pod created successfully",
                    "id": "1077cf257995a0f330407b5fce95970a",
                    "passes": 10000
                }
            },
        "name": "",
        "path": "",
        "id": "d41d8cd98f00b204e9800998ecf8427e"
    },
    "metrics": {
        "data_sent": {
            "count": 0,
            "rate": 0
        },
        "data_received": {
            "count": 0,
            "rate": 0
        },
        "iteration_duration": {
            "avg": 155.4956641734995,
            "min": 34.742154,
            "med": 139.15696300000002,
            "max": 649.159874,
            "p(90)": 245.53515770000004,
            "p(95)": 295.2616404499998,
            "p(99)": 453.59252291000035
        },
        "iterations": {
            "count": 10000,
            "rate": 1271.5735997091629
        },
        "vus": {
            "value": 200,
            "min": 200,
            "max": 200
        },
        "vus_max": {
            "value": 200,
            "min": 200,
            "max": 200
        },
        "checks": {
            "passes": 10000,
            "fails": 0,
            "value": 1
        }
    }
}