{
    "root_group": {
        "checks": {
            "pod created successfully": {
                "name": "pod created successfully",
                "path": "::pod created successfully",
                "id": "1077cf257995a0f330407b5fce95970a",
                "passes": 5000,
                "fails": 0
            }
        },
        "name": "",
        "path": "",
        "id": "d41d8cd98f00b204e9800998ecf8427e",
        "groups": {}
    },
    "metrics": {
        "iterations": {
            "rate": 973.2160115877546,
            "count": 5000
        },
        "vus": {
            "value": 50,
            "min": 50,
            "max": 50
        },
        "vus_max": {
            "value": 50,
            "min": 50,
            "max": 50
        },
        "checks": {
            "passes": 5000,
            "fails": 0,
            "value": 1
        },
        "data_sent": {
            "count": 0,
            "rate": 0
        },
        "data_received": {
            "count": 0,
            "rate": 0
        },
        "iteration_duration": {
            "med": 45.243010999999996,
            "max": 156.791122,
            "p(90)": 82.10420520000002,
            "p(95)": 90.85484555,
            "p(99)": 118.35976769000001,
            "avg": 51.16950689300003,
            "min": 18.829748
        }
    }
}