{
    "root_group": {
        "path": "",
        "id": "d41d8cd98f00b204e9800998ecf8427e",
        "groups": {},
        "checks": {
                "pod created successfully": {
                    "path": "::pod created successfully",
                    "id": "1077cf257995a0f330407b5fce95970a",
                    "passes": 10000,
                    "fails": 0,
                    "name": "pod created successfully"
                }
            },
        "name": ""
    },
    "metrics": {
        "iteration_duration": {
            "avg": 310.46450114849847,
            "min": 69.651544,
            "med": 299.2360115,
            "max": 938.690768,
            "p(90)": 455.81472790000004,
            "p(95)": 491.1400427,
            "p(99)": 566.9332758400001
        },
        "iterations": {
            "count": 10000,
            "rate": 1573.6984321417515
        },
        "vus": {
            "value": 500,
            "min": 500,
            "max": 500
        },
        "vus_max": {
            "value": 500,
            "min": 500,
            "max": 500
        },
        "checks": {
            "passes": 10000,
            "fails": 0,
            "value": 1
        },
        "data_sent": {
            "count": 0,
            "rate": 0
        },
        "data_received": {
            "rate": 0,
            "count": 0
        }
    }
}