{
    "root_group": {
        "path": "",
        "id": "d41d8cd98f00b204e9800998ecf8427e",
        "groups": {},
        "checks": {
                "pod created successfully": {
                    "name": "pod created successfully",
                    "path": "::pod created successfully",
                    "id": "1077cf257995a0f330407b5fce95970a",
                    "passes": 10000,
                    "fails": 0
                }
            },
        "name": ""
    },
    "metrics": {
        "checks": {
            "passes": 10000,
            "fails": 0,
            "value": 1
        },
        "data_sent": {
            "count": 0,
            "rate": 0
        },
        "data_received": {
            "count": 0,
            "rate": 0
        },
        "iteration_duration": {
            "p(95)": 241.00400165,
            "p(99)": 288.97968871,
            "avg": 148.60313361860025,
            "min": 47.308802,
            "med": 141.075788,
            "max": 357.306278,
            "p(90)": 218.2199646
        },
        "iterations": {
            "count": 10000,
            "rate": 1334.461618140476
        },
        "vus": {
            "value": 200,
            "min": 200,
            "max": 200
        },
        "vus_max": {
            "value": 200,
            "min": 200,
            "max": 200
        }
    }
}