{
    "root_group": {
        "name": "",
        "path": "",
        "id": "d41d8cd98f00b204e9800998ecf8427e",
        "groups": {},
        "checks": {
                "pod created successfully": {
                    "name": "pod created successfully",
                    "path": "::pod created successfully",
                    "id": "1077cf257995a0f330407b5fce95970a",
                    "passes": 1000,
                    "fails": 0
                }
            }
    },
    "metrics": {
        "vus_max": {
            "min": 10,
            "max": 10,
            "value": 10
        },
        "checks": {
            "passes": 1000,
            "fails": 0,
            "value": 1
        },
        "data_sent": {
            "count": 0,
            "rate": 0
        },
        "data_received": {
            "count": 0,
            "rate": 0
        },
        "iteration_duration": {
            "min": 11.691399,
            "med": 22.2603035,
            "max": 113.167759,
            "p(90)": 66.54319840000001,
            "p(95)": 99.0733271,
            "p(99)": 110.4973538,
            "avg": 39.269047115000035
        },
        "iterations": {
            "count": 1000,
            "rate": 253.2229142660976
        },
        "vus": {
            "value": 10,
            "min": 10,
            "max": 10
        }
    }
}