{
    "root_group": {
        "id": "d41d8cd98f00b204e9800998ecf8427e",
        "groups": {},
        "checks": {
                "pod created successfully": {
                    "name": "pod created successfully",
                    "path": "::pod created successfully",
                    "id": "1077cf257995a0f330407b5fce95970a",
                    "passes": 5000,
                    "fails": 0
                }
            },
        "name": "",
        "path": ""
    },
    "metrics": {
        "data_received": {
            "count": 0,
            "rate": 0
        },
        "iteration_duration": {
            "min": 16.853186,
            "med": 65.512151,
            "max": 496.804834,
            "p(90)": 92.1776629,
            "p(95)": 112.64416200000005,
            "p(99)": 129.5440654,
            "avg": 63.37037337420011
        },
        "iterations": {
            "count": 5000,
            "rate": 786.4661861048088
        },
        "vus": {
            "value": 50,
            "min": 50,
            "max": 50
        },
        "vus_max": {
            "value": 50,
            "min": 50,
            "max": 50
        },
        "checks": {
            "passes": 5000,
            "fails": 0,
            "value": 1
        },
        "data_sent": {
            "count": 0,
            "rate": 0
        }
    }
}