{
    "metrics": {
        "checks": {
            "passes": 5000,
            "fails": 0,
            "value": 1
        },
        "data_sent": {
            "count": 0,
            "rate": 0
        },
        "data_received": {
            "count": 0,
            "rate": 0
        },
        "iteration_duration": {
            "avg": 84.48196287240008,
            "min": 19.064653,
            "med": 79.209076,
            "max": 182.40677,
            "p(90)": 120.9634802,
            "p(95)": 126.78547440000001,
            "p(99)": 159.75892399
        },
        "iterations": {
            "rate": 590.3922533187163,
            "count": 5000
        },
        "vus": {
            "value": 50,
            "min": 50,
            "max": 50
        },
        "vus_max": {
            "value": 50,
            "min": 50,
            "max": 50
        }
    },
    "root_group": {
        "name": "",
        "path": "",
        "id": "d41d8cd98f00b204e9800998ecf8427e",
        "groups": {},
        "checks": {
                "pod created successfully": {
                    "name": "pod created successfully",
                    "path": "::pod created successfully",
                    "id": "1077cf257995a0f330407b5fce95970a",
                    "passes": 5000,
                    "fails": 0
                }
            }
    }
}