{
    "root_group": {
        "name": "",
        "path": "",
        "id": "d41d8cd98f00b204e9800998ecf8427e",
        "groups": {},
        "checks": {
                "pod created successfully": {
                    "id": "1077cf257995a0f330407b5fce95970a",
                    "passes": 10000,
                    "fails": 0,
                    "name": "pod created successfully",
                    "path": "::pod created successfully"
                }
            }
    },
    "metrics": {
        "vus_max": {
            "value": 500,
            "min": 500,
            "max": 500
        },
        "checks": {
            "passes": 10000,
            "fails": 0,
            "value": 1
        },
        "data_sent": {
            "count": 0,
            "rate": 0
        },
        "data_received": {
            "count": 0,
            "rate": 0
        },
        "iteration_duration": {
            "p(95)": 424.9892087499998,
            "p(99)": 488.35049061,
            "avg": 282.3456809808995,
            "min": 30.223628,
            "med": 276.66446199999996,
            "max": 629.016618,
            "p(90)": 388.38044130000003
        },
        "iterations": {
            "count": 10000,
            "rate": 1737.6052609816447
        },
        "vus": {
            "value": 500,
            "min": 500,
            "max": 500
        }
    }
}