{
    "metrics": {
        "checks": {
            "passes": 5000,
            "fails": 0,
            "value": 1
        },
        "data_sent": {
            "count": 0,
            "rate": 0
        },
        "data_received": {
            "rate": 0,
            "count": 0
        },
        "iteration_duration": {
            "p(95)": 119.20863370000001,
            "p(99)": 128.85487245,
            "avg": 71.6102658322001,
            "min": 16.04909,
            "med": 75.68515149999999,
            "max": 182.524999,
            "p(90)": 104.9493813
        },
        "iterations": {
            "count": 5000,
            "rate": 696.4824953918071
        },
        "vus": {
            "max": 50,
            "value": 50,
            "min": 50
        },
        "vus_max": {
            "min": 50,
            "max": 50,
            "value": 50
        }
    },
    "root_group": {
        "name": "",
        "path": "",
        "id": "d41d8cd98f00b204e9800998ecf8427e",
        "groups": {},
        "checks": {
                "pod created successfully": {
                    "fails": 0,
                    "name": "pod created successfully",
                    "path": "::pod created successfully",
                    "id": "1077cf257995a0f330407b5fce95970a",
                    "passes": 5000
                }
            }
    }
}