{
    "root_group": {
        "path": "",
        "id": "d41d8cd98f00b204e9800998ecf8427e",
        "groups": {},
        "checks": {
                "pod created successfully": {
                    "name": "pod created successfully",
                    "path": "::pod created successfully",
                    "id": "1077cf257995a0f330407b5fce95970a",
                    "passes": 1000,
                    "fails": 0
                }
            },
        "name": ""
    },
    "metrics": {
        "iterations": {
            "count": 1000,
            "rate": 313.17486531275256
        },
        "vus": {
            "max": 10,
            "value": 10,
            "min": 10
        },
        "vus_max": {
            "value": 10,
            "min": 10,
            "max": 10
        },
        "checks": {
            "passes": 1000,
            "fails": 0,
            "value": 1
        },
        "data_sent": {
            "count": 0,
            "rate": 0
        },
        "data_received": {
            "count": 0,
            "rate": 0
        },
        "iteration_duration": {
            "max": 127.155964,
            "p(90)": 58.1844221,
            "p(95)": 60.009175199999994,
            "p(99)": 103.19648562999983,
            "avg": 31.862086801999954,
            "min": 9.755856,
            "med": 16.4684285
        }
    }
}