{
    "metrics": {
        "vus_max": {
            "min": 500,
            "max": 500,
            "value": 500
        },
        "checks": {
            "passes": 10000,
            "fails": 0,
            "value": 1
        },
        "data_sent": {
            "rate": 0,
            "count": 0
        },
        "data_received": {
            "count": 0,
            "rate": 0
        },
        "iteration_duration": {
            "med": 257.920413,
            "max": 593.331985,
            "p(90)": 378.4459582,
            "p(95)": 421.62398754999987,
            "p(99)": 500.73355436000026,
            "avg": 266.7111394563988,
            "min": 27.892162
        },
        "iterations": {
            "count": 10000,
            "rate": 1839.9822794986626
        },
        "vus": {
            "value": 500,
            "min": 500,
            "max": 500
        }
    },
    "root_group": {
        "name": "",
        "path": "",
        "id": "d41d8cd98f00b204e9800998ecf8427e",
        "groups": {},
        "checks": {
                "pod created successfully": {
                    "name": "pod created successfully",
                    "path": "::pod created successfully",
                    "id": "1077cf257995a0f330407b5fce95970a",
                    "passes": 10000,
                    "fails": 0
                }
            }
    }
}