{
    "root_group": {
        "path": "",
        "id": "d41d8cd98f00b204e9800998ecf8427e",
        "groups": {},
        "checks": {
                "pod created successfully": {
                    "name": "pod created successfully",
                    "path": "::pod created successfully",
                    "id": "1077cf257995a0f330407b5fce95970a",
                    "passes": 5000,
                    "fails": 0
                }
            },
        "name": ""
    },
    "metrics": {
        "data_sent": {
            "count": 0,
            "rate": 0
        },
        "data_received": {
            "rate": 0,
            "count": 0
        },
        "iteration_duration": {
            "max": 183.520536,
            "p(90)": 119.3944802,
            "p(95)": 124.34332895,
            "p(99)": 142.17321766000006,
            "avg": 75.56731683179984,
            "min": 18.24521,
            "med": 75.1182725
        },
        "iterations": {
            "count": 5000,
            "rate": 659.8901373854114
        },
        "vus": {
            "value": 50,
            "min": 50,
            "max": 50
        },
        "vus_max": {
            "min": 50,
            "max": 50,
            "value": 50
        },
        "checks": {
            "passes": 5000,
            "fails": 0,
            "value": 1
        }
    }
}