{
    "root_group": {
        "groups": {},
        "checks": {
                "pod created successfully": {
                    "name": "pod created successfully",
                    "path": "::pod created successfully",
                    "id": "1077cf257995a0f330407b5fce95970a",
                    "passes": 10000,
                    "fails": 0
                }
            },
        "name": "",
        "path": "",
        "id": "d41d8cd98f00b204e9800998ecf8427e"
    },
    "metrics": {
        "data_sent": {
            "count": 0,
            "rate": 0
        },
        "data_received": {
            "count": 0,
            "rate": 0
        },
        "iteration_duration": {
            "min": 51.157505,
            "med": 254.3660875,
            "max": 569.719629,
            "p(90)": 351.97083690000005,
            "p(95)": 386.47755565,
            "p(99)": 444.74512184,
            "avg": 259.6955940943982
        },
        "iterations": {
            "rate": 1874.7348318811742,
            "count": 10000
        },
        "vus": {
            "value": 500,
            "min": 500,
            "max": 500
        },
        "vus_max": {
            "value": 500,
            "min": 500,
            "max": 500
        },
        "checks": {
            "passes": 10000,
            "fails": 0,
            "value": 1
        }
    }
}