{
    "metrics": {
        "vus": {
            "value": 50,
            "min": 50,
            "max": 50
        },
        "vus_max": {
            "min": 50,
            "max": 50,
            "value": 50
        },
        "checks": {
            "passes": 5000,
            "fails": 0,
            "value": 1
        },
        "data_sent": {
            "count": 0,
            "rate": 0
        },
        "data_received": {
            "count": 0,
            "rate": 0
        },
        "iteration_duration": {
            "med": 47.205014000000006,
            "max": 1088.940404,
            "p(90)": 90.64795720000001,
            "p(95)": 103.2830244,
            "p(99)": 181.80048302000037,
            "avg": 57.04551249459984,
            "min": 20.503193
        },
        "iterations": {
            "count": 5000,
            "rate": 874.7318721568382
        }
    },
    "root_group": {
        "name": "",
        "path": "",
        "id": "d41d8cd98f00b204e9800998ecf8427e",
        "groups": {},
        "checks": {
                "pod created successfully": {
                    "fails": 0,
                    "name": "pod created successfully",
                    "path": "::pod created successfully",
                    "id": "1077cf257995a0f330407b5fce95970a",
                    "passes": 5000
                }
            }
    }
}