{
    "root_group": {
        "name": "",
        "path": "",
        "id": "d41d8cd98f00b204e9800998ecf8427e",
        "groups": {},
        "checks": {
                "pod created successfully": {
                    "name": "pod created successfully",
                    "path": "::pod created successfully",
                    "id": "1077cf257995a0f330407b5fce95970a",
                    "passes": 10000,
                    "fails": 0
                }
            }
    },
    "metrics": {
        "data_received": {
            "count": 0,
            "rate": 0
        },
        "iteration_duration": {
            "med": 298.4370485,
            "max": 1978.849384,
            "p(90)": 694.5023576000001,
            "p(95)": 865.6549690999999,
            "p(99)": 1247.3718664000005,
            "avg": 365.6768449855,
            "min": 39.35242
        },
        "iterations": {
            "count": 10000,
            "rate": 1335.0255011184397
        },
        "vus": {
            "value": 500,
            "min": 500,
            "max": 500
        },
        "vus_max": {
            "max": 500,
            "value": 500,
            "min": 500
        },
        "checks": {
            "passes": 10000,
            "fails": 0,
            "value": 1
        },
        "data_sent": {
            "count": 0,
            "rate": 0
        }
    }
}