{
    "root_group": {
        "id": "d41d8cd98f00b204e9800998ecf8427e",
        "groups": {},
        "checks": {
                "pod created successfully": {
                    "name": "pod created successfully",
                    "path": "::pod created successfully",
                    "id": "1077cf257995a0f330407b5fce95970a",
                    "passes": 10000,
                    "fails": 0
                }
            },
        "name": "",
        "path": ""
    },
    "metrics": {
        "data_received": {
            "count": 0,
            "rate": 0
        },
        "iteration_duration": {
            "med": 126.188586,
            "max": 563.382424,
            "p(90)": 197.4015679,
            "p(95)": 231.1493551,
            "p(99)": 343.02256646000006,
            "avg": 136.06900750019972,
            "min": 32.070998
        },
        "iterations": {
            "count": 10000,
            "rate": 1452.243014183284
        },
        "vus": {
            "value": 200,
            "min": 200,
            "max": 200
        },
        "vus_max": {
            "max": 200,
            "value": 200,
            "min": 200
        },
        "checks": {
            "passes": 10000,
            "fails": 0,
            "value": 1
        },
        "data_sent": {
            "count": 0,
            "rate": 0
        }
    }
}