{
    "metrics": {
        "checks": {
            "passes": 10000,
            "fails": 0,
            "value": 1
        },
        "data_sent": {
            "count": 0,
            "rate": 0
        },
        "data_received": {
            "count": 0,
            "rate": 0
        },
        "iteration_duration": {
            "p(99)": 694.5852016000003,
            "avg": 290.2827085007983,
            "min": 33.137049,
            "med": 272.12465299999997,
            "max": 1003.399164,
            "p(90)": 413.86033330000004,
            "p(95)": 502.0447311999997
        },
        "iterations": {
            "rate": 1681.4632586146975,
            "count": 10000
        },
        "vus": {
            "value": 500,
            "min": 500,
            "max": 500
        },
        "vus_max": {
            "min": 500,
            "max": 500,
            "value": 500
        }
    },
    "root_group": {
        "path": "",
        "id": "d41d8cd98f00b204e9800998ecf8427e",
        "groups": {},
        "checks": {
                "pod created successfully": {
                    "passes": 10000,
                    "fails": 0,
                    "name": "pod created successfully",
                    "path": "::pod created successfully",
                    "id": "1077cf257995a0f330407b5fce95970a"
                }
            },
        "name": ""
    }
}