{
    "root_group": {
        "id": "d41d8cd98f00b204e9800998ecf8427e",
        "groups": {},
        "checks": {
                "pod created successfully": {
                    "name": "pod created successfully",
                    "path": "::pod created successfully",
                    "id": "1077cf257995a0f330407b5fce95970a",
                    "passes": 1000,
                    "fails": 0
                }
            },
        "name": "",
        "path": ""
    },
    "metrics": {
        "checks": {
            "passes": 1000,
            "fails": 0,
            "value": 1
        },
        "data_sent": {
            "count": 0,
            "rate": 0
        },
        "data_received": {
            "count": 0,
            "rate": 0
        },
        "iteration_duration": {
            "avg": 32.09264854600001,
            "min": 12.565583,
            "med": 22.185146,
            "max": 161.897187,
            "p(90)": 62.4205252,
            "p(95)": 69.00553149999998,
            "p(99)": 107.42130933999952
        },
        "iterations": {
            "count": 1000,
            "rate": 310.2797367178634
        },
        "vus": {
            "value": 10,
            "min": 10,
            "max": 10
        },
        "vus_max": {
            "max": 10,
            "value": 10,
            "min": 10
        }
    }
}